mean_mfcc_1,mean_mfcc_2,mean_mfcc_3,mean_mfcc_4,mean_mfcc_5,mean_mfcc_6,mean_mfcc_7,mean_mfcc_8,mean_mfcc_9,mean_mfcc_10,mean_mfcc_11,mean_mfcc_12,mean_mfcc_13,std_mfcc_1,std_mfcc_2,std_mfcc_3,std_mfcc_4,std_mfcc_5,std_mfcc_6,std_mfcc_7,std_mfcc_8,std_mfcc_9,std_mfcc_10,std_mfcc_11,std_mfcc_12,std_mfcc_13,max_mfcc_1,max_mfcc_2,max_mfcc_3,max_mfcc_4,max_mfcc_5,max_mfcc_6,max_mfcc_7,max_mfcc_8,max_mfcc_9,max_mfcc_10,max_mfcc_11,max_mfcc_12,max_mfcc_13,median_mfcc_1,median_mfcc_2,median_mfcc_3,median_mfcc_4,median_mfcc_5,median_mfcc_6,median_mfcc_7,median_mfcc_8,median_mfcc_9,median_mfcc_10,median_mfcc_11,median_mfcc_12,median_mfcc_13,min_mfcc_1,min_mfcc_2,min_mfcc_3,min_mfcc_4,min_mfcc_5,min_mfcc_6,min_mfcc_7,min_mfcc_8,min_mfcc_9,min_mfcc_10,min_mfcc_11,min_mfcc_12,min_mfcc_13,skew_mfcc_1,skew_mfcc_2,skew_mfcc_3,skew_mfcc_4,skew_mfcc_5,skew_mfcc_6,skew_mfcc_7,skew_mfcc_8,skew_mfcc_9,skew_mfcc_10,skew_mfcc_11,skew_mfcc_12,skew_mfcc_13,kurtosis_mfcc_1,kurtosis_mfcc_2,kurtosis_mfcc_3,kurtosis_mfcc_4,kurtosis_mfcc_5,kurtosis_mfcc_6,kurtosis_mfcc_7,kurtosis_mfcc_8,kurtosis_mfcc_9,kurtosis_mfcc_10,kurtosis_mfcc_11,kurtosis_mfcc_12,kurtosis_mfcc_13,mean_delta_mfcc_1,mean_delta_mfcc_2,mean_delta_mfcc_3,mean_delta_mfcc_4,mean_delta_mfcc_5,mean_delta_mfcc_6,mean_delta_mfcc_7,mean_delta_mfcc_8,mean_delta_mfcc_9,mean_delta_mfcc_10,mean_delta_mfcc_11,mean_delta_mfcc_12,mean_delta_mfcc_13,std_delta_mfcc_1,std_delta_mfcc_2,std_delta_mfcc_3,std_delta_mfcc_4,std_delta_mfcc_5,std_delta_mfcc_6,std_delta_mfcc_7,std_delta_mfcc_8,std_delta_mfcc_9,std_delta_mfcc_10,std_delta_mfcc_11,std_delta_mfcc_12,std_delta_mfcc_13,max_delta_mfcc_1,max_delta_mfcc_2,max_delta_mfcc_3,max_delta_mfcc_4,max_delta_mfcc_5,max_delta_mfcc_6,max_delta_mfcc_7,max_delta_mfcc_8,max_delta_mfcc_9,max_delta_mfcc_10,max_delta_mfcc_11,max_delta_mfcc_12,max_delta_mfcc_13,median_delta_mfcc_1,median_delta_mfcc_2,median_delta_mfcc_3,median_delta_mfcc_4,median_delta_mfcc_5,median_delta_mfcc_6,median_delta_mfcc_7,median_delta_mfcc_8,median_delta_mfcc_9,median_delta_mfcc_10,median_delta_mfcc_11,median_delta_mfcc_12,median_delta_mfcc_13,min_delta_mfcc_1,min_delta_mfcc_2,min_delta_mfcc_3,min_delta_mfcc_4,min_delta_mfcc_5,min_delta_mfcc_6,min_delta_mfcc_7,min_delta_mfcc_8,min_delta_mfcc_9,min_delta_mfcc_10,min_delta_mfcc_11,min_delta_mfcc_12,min_delta_mfcc_13,skew_delta_mfcc_1,skew_delta_mfcc_2,skew_delta_mfcc_3,skew_delta_mfcc_4,skew_delta_mfcc_5,skew_delta_mfcc_6,skew_delta_mfcc_7,skew_delta_mfcc_8,skew_delta_mfcc_9,skew_delta_mfcc_10,skew_delta_mfcc_11,skew_delta_mfcc_12,skew_delta_mfcc_13,kurtosis_delta_mfcc_1,kurtosis_delta_mfcc_2,kurtosis_delta_mfcc_3,kurtosis_delta_mfcc_4,kurtosis_delta_mfcc_5,kurtosis_delta_mfcc_6,kurtosis_delta_mfcc_7,kurtosis_delta_mfcc_8,kurtosis_delta_mfcc_9,kurtosis_delta_mfcc_10,kurtosis_delta_mfcc_11,kurtosis_delta_mfcc_12,kurtosis_delta_mfcc_13,mean_delta2_mfcc_1,mean_delta2_mfcc_2,mean_delta2_mfcc_3,mean_delta2_mfcc_4,mean_delta2_mfcc_5,mean_delta2_mfcc_6,mean_delta2_mfcc_7,mean_delta2_mfcc_8,mean_delta2_mfcc_9,mean_delta2_mfcc_10,mean_delta2_mfcc_11,mean_delta2_mfcc_12,mean_delta2_mfcc_13,std_delta2_mfcc_1,std_delta2_mfcc_2,std_delta2_mfcc_3,std_delta2_mfcc_4,std_delta2_mfcc_5,std_delta2_mfcc_6,std_delta2_mfcc_7,std_delta2_mfcc_8,std_delta2_mfcc_9,std_delta2_mfcc_10,std_delta2_mfcc_11,std_delta2_mfcc_12,std_delta2_mfcc_13,max_delta2_mfcc_1,max_delta2_mfcc_2,max_delta2_mfcc_3,max_delta2_mfcc_4,max_delta2_mfcc_5,max_delta2_mfcc_6,max_delta2_mfcc_7,max_delta2_mfcc_8,max_delta2_mfcc_9,max_delta2_mfcc_10,max_delta2_mfcc_11,max_delta2_mfcc_12,max_delta2_mfcc_13,median_delta2_mfcc_1,median_delta2_mfcc_2,median_delta2_mfcc_3,median_delta2_mfcc_4,median_delta2_mfcc_5,median_delta2_mfcc_6,median_delta2_mfcc_7,median_delta2_mfcc_8,median_delta2_mfcc_9,median_delta2_mfcc_10,median_delta2_mfcc_11,median_delta2_mfcc_12,median_delta2_mfcc_13,min_delta2_mfcc_1,min_delta2_mfcc_2,min_delta2_mfcc_3,min_delta2_mfcc_4,min_delta2_mfcc_5,min_delta2_mfcc_6,min_delta2_mfcc_7,min_delta2_mfcc_8,min_delta2_mfcc_9,min_delta2_mfcc_10,min_delta2_mfcc_11,min_delta2_mfcc_12,min_delta2_mfcc_13,skew_delta2_mfcc_1,skew_delta2_mfcc_2,skew_delta2_mfcc_3,skew_delta2_mfcc_4,skew_delta2_mfcc_5,skew_delta2_mfcc_6,skew_delta2_mfcc_7,skew_delta2_mfcc_8,skew_delta2_mfcc_9,skew_delta2_mfcc_10,skew_delta2_mfcc_11,skew_delta2_mfcc_12,skew_delta2_mfcc_13,kurtosis_delta2_mfcc_1,kurtosis_delta2_mfcc_2,kurtosis_delta2_mfcc_3,kurtosis_delta2_mfcc_4,kurtosis_delta2_mfcc_5,kurtosis_delta2_mfcc_6,kurtosis_delta2_mfcc_7,kurtosis_delta2_mfcc_8,kurtosis_delta2_mfcc_9,kurtosis_delta2_mfcc_10,kurtosis_delta2_mfcc_11,kurtosis_delta2_mfcc_12,kurtosis_delta2_mfcc_13,technique,file
-218.84694,86.81607,-51.84921,55.75788,-36.838966,-1.2738166,-25.367903,-13.5294695,-17.419874,-11.295274,-3.4239767,4.405241,-1.2508411,53.458107,24.134459,20.824327,16.110523,7.755414,10.28652,7.090115,7.4396896,8.916085,5.745493,3.5878923,4.4258833,6.0484815,-157.01057,120.56245,5.1520567,72.630295,-14.005943,7.0063543,-2.5683277,-3.5714273,12.783779,-3.7731233,2.3424325,8.83027,14.616291,-194.34605,92.66991,-52.042633,60.821457,-39.028572,3.106315,-26.81477,-12.38343,-19.812801,-10.601536,-3.3979878,5.582222,-2.2639232,-314.5298,47.621147,-78.53316,20.394602,-45.39238,-27.282413,-32.15445,-28.240486,-22.578054,-22.964596,-10.372904,-5.4710026,-9.579408,-0.6586836,-0.40163386,1.2335435,-1.0292776,1.7615201,-1.5847194,2.4255016,-0.4013629,2.9349892,-0.5950777,-0.21498096,-1.330772,1.1019851,-1.0420748,-1.2115375,1.7929425,-0.26280093,3.0299668,1.0099669,5.336006,-0.72295356,7.1571827,-0.69829273,-0.60343194,0.614666,1.2046065,-11.207524,-5.432149,3.6780674,1.7054138,0.6642333,1.1875545,0.87835777,-1.0037299,0.79575247,-0.0645097,-0.21646126,0.4212772,-0.28354028,3.3966968,1.688826,3.651464,3.8742032,0.5588118,1.876071,0.917667,0.7831212,0.77786756,1.2756765,0.915061,0.96963835,0.63899416,-8.987009,-3.467506,7.7381144,6.05502,1.1510913,3.4121008,2.037628,-0.37765172,1.7567264,1.4858596,0.81878555,1.5502735,0.5179447,-10.1009,-6.062172,4.23912,1.1848842,0.65339625,0.28413683,0.16755483,-0.8487459,0.28817946,-1.1564738,-0.42187724,0.02954173,-0.73317355,-20.067553,-8.225531,-0.44894764,-2.6306088,-0.7529061,-0.75901437,0.039652858,-2.7176597,-0.3210679,-1.3015645,-1.2272507,-0.5596972,-1.0484471,-1.7150759,-0.038906317,-0.029222064,0.010449733,-1.354505,0.19304165,0.46634883,-1.319938,0.31389478,0.30621383,0.042355727,0.16657296,0.4179662,1.4806371,-1.3443041,-1.7779444,-1.778315,0.99260044,-1.7832584,-1.7714604,0.35972047,-1.6397042,-1.8160592,-1.7890527,-1.8453996,-1.7353833,1.6894822,1.027994,2.3210425,-2.3958478,0.08767378,-1.29821,0.5045582,0.043409053,0.6822823,-0.7044356,-0.55329615,-0.5864718,0.54513454,6.7938766,2.3106222,1.2201096,0.3043359,0.8724639,0.7643621,0.9795031,1.0186845,0.9999811,0.8205252,0.23266262,0.43404627,0.59957033,10.198051,3.9249785,3.602668,-1.6557134,1.146942,0.02538329,1.6497138,1.2993937,1.9104389,0.23646432,-0.31047246,-0.12578078,1.2139776,-3.5115645,-0.7828695,1.8493391,-2.5262594,-0.3460139,-0.87280124,0.50378174,-0.48004663,0.1475787,-0.57424194,-0.52611923,-0.450537,0.39166358,-5.8290324,-1.3869151,-0.25863576,-2.5329683,-1.1751004,-2.160493,-0.5297128,-0.92419153,-0.5884984,-1.5654861,-0.89927256,-1.0827634,-0.56461614,0.4151066,0.42343956,-0.55116415,1.9171524,0.21645527,0.13012762,0.13020715,0.34410033,0.2918289,0.07954759,-0.088927366,-0.057385407,-0.25070366,-1.7511986,-1.7596191,-0.6166618,1.6970043,-1.5948493,-1.3386278,-1.7792838,-1.764172,-1.6684377,-1.8158064,-1.8029685,-1.9046292,-1.133988,bending,bending_up_whole_1_1.wav
-252.66904,81.9901,-47.8681,56.606754,-33.919907,7.6535797,-22.220734,-17.5641,-25.35023,-13.4374075,-3.2610369,-0.5081402,-3.4663424,51.24653,34.48315,26.844675,3.9739692,12.1727,2.846032,6.3857126,7.0369577,7.276732,9.702337,12.92914,8.060785,4.7098546,-171.68538,154.34627,20.313599,64.93276,-0.7770792,13.339794,-1.7463024,-8.651352,-8.010147,5.086687,23.794197,15.22441,6.798176,-242.7248,73.74591,-53.91227,56.45646,-39.31173,7.20483,-23.214806,-18.763676,-27.811298,-15.417071,-8.506056,-2.2768614,-4.617455,-328.35547,43.641144,-78.93816,48.516487,-44.273666,3.216245,-28.396938,-35.46514,-34.235718,-26.387646,-15.654827,-10.7169695,-9.882887,-0.13438785,0.7722886,1.2107686,0.1495331,1.6148685,0.37217587,2.4301913,-0.9094894,1.1863481,0.57372004,1.0768683,0.66881824,0.67289364,-1.3962679,-0.5014591,0.74600697,0.19610977,1.632946,-0.81045437,5.2473507,0.73901176,0.44672132,-0.6984117,-0.26377678,-0.6452513,-0.36991882,-11.371002,-7.666526,1.5249424,-0.8576022,-0.50735766,-0.66622823,0.7019256,0.69250005,-1.4389591,-2.491692,-1.9189786,-1.7070092,-0.69787747,3.7804327,4.5830708,6.339827,0.14693017,2.0700562,0.112062916,1.0412531,0.6660732,1.0671799,0.6802237,2.3893385,1.3673944,0.52765656,-6.733006,-2.285899,8.713976,-0.54603446,1.9942628,-0.5752298,1.9620546,1.4829158,-0.41369703,-1.7041409,0.79990774,-0.116580345,-0.1009337,-13.621676,-7.641143,2.124205,-0.8087664,-0.9656041,-0.6399043,0.49788266,1.0954133,-0.74637556,-2.4257824,-1.6372069,-1.6697924,-0.61270165,-17.08988,-12.613271,-5.5146995,-1.012652,-2.6569588,-0.90788865,-0.3772845,-0.13581443,-2.7273016,-3.2329512,-4.5752788,-3.1702652,-1.2871901,0.2656094,0.12731554,0.024942838,0.5781849,0.23819119,-1.1352831,0.24385831,-0.36681542,-0.27671492,0.08478237,0.029426008,0.10952528,0.012788486,-1.5879352,-1.7412398,-1.7720327,-0.5270312,-1.7279111,-0.26196003,-1.7268505,-1.7125597,-1.8108552,-1.7580439,-1.7619066,-1.7745302,-1.7658143,3.4453797,3.222593,3.9554393,0.02695013,1.6363628,0.0821057,0.78516346,-0.5109386,0.5091952,0.43294474,1.64904,0.8540031,0.36628824,7.052941,1.4513535,1.3795846,0.17332476,1.1216917,0.14037286,0.36874998,1.2041898,0.47409084,0.30836,0.50120497,0.6585282,0.36030242,12.195034,4.999144,5.305999,0.18973249,3.0040858,0.22962126,1.1503444,0.76070756,1.0056698,0.7868273,1.9678969,1.6380041,0.6979063,-2.174571,2.340544,3.341105,0.0691706,1.0321847,0.105855,0.7753532,0.43112358,0.7091802,0.22638386,1.7753335,0.40743592,0.3877556,-4.1038914,0.881626,0.6980079,-0.43240663,-0.043051846,-0.084046245,0.10257419,-2.0244634,-0.07880216,-0.1347888,0.42018157,0.21660292,-0.47167933,0.37318674,0.23821765,-0.752774,-1.1652905,0.23328578,-0.041880757,-0.70702994,-0.436069,-0.3676146,-0.057408985,-1.7925297,0.24082646,-1.003049,-1.7627155,-1.5225052,-0.13504863,1.1252403,-1.5799745,-1.9063942,-0.7111263,-1.7595763,-1.7542081,-1.3334488,1.4874015,-1.8409225,-0.032402992,bending,bending_up_whole_2_1.wav
-250.90128,56.77972,-47.70276,50.883003,-44.211445,-1.6806709,-33.99672,-26.632442,-16.369343,-3.762543,1.2308112,4.648542,2.5018713,81.44752,49.362164,17.774244,10.368462,9.170222,3.881841,16.040316,5.3244743,5.7278314,5.7250624,4.5439067,2.5636206,3.84221,-135.85526,137.74736,-4.3901124,61.823017,-17.078377,5.8444157,-1.8407667,-12.270324,-1.8210477,8.478053,7.808953,10.0533085,9.513607,-298.63293,25.445507,-46.816605,55.71595,-46.9624,-2.1675699,-40.799202,-27.05228,-18.647388,-5.7426443,-0.20409757,3.2143466,0.39621222,-334.10587,7.3252993,-76.804306,24.662045,-52.615612,-11.065985,-46.09029,-34.009457,-21.531906,-9.1961155,-6.4100857,1.9917989,-1.3640568,0.23662446,0.36079144,0.4448583,-1.0744126,1.9226233,-0.4965498,1.2730273,1.2265936,1.3385465,1.077758,0.048132833,0.5757557,0.8612238,-1.7922525,-1.5903199,0.81692696,0.5507517,3.1200523,0.8327923,-0.23162866,1.5083041,0.7960472,-0.17349935,-1.3707528,-0.90330195,-0.82494926,-15.43207,-10.748735,2.7036335,0.7725669,-0.24986428,-0.84840304,-0.92419505,0.07748948,0.025576886,-0.9778815,-0.6042619,-0.27719724,-0.29334027,13.942373,8.048071,2.1163216,1.7263814,1.195867,0.15006614,2.8367844,0.22584645,0.6938671,0.6273654,0.97721905,0.4584545,0.42849395,1.9650035,-0.891163,4.806855,2.3306623,1.2484155,-0.51404226,2.3154645,0.2860159,0.81150603,-0.29233232,0.5751433,0.29962102,0.16958502,-24.425653,-14.415012,3.658009,1.8409547,-0.9606453,-0.80111253,-0.45050648,0.027593963,-0.10648311,-1.1286349,-1.0177038,-0.6076746,-0.29944167,-28.059755,-18.53532,0.16501096,-1.3942307,-1.3450533,-0.99958915,-4.077495,-0.56775635,-0.75663704,-2.2640588,-1.5914477,-0.66863894,-0.78547335,0.40157342,0.31462812,-0.24245496,-0.42891353,0.41866767,0.74813795,0.03615252,-1.5094869,0.010863624,-0.39773163,0.25242716,0.44437945,-0.07614339,-1.7654408,-1.765559,-1.7956036,-1.7605875,-1.7572275,-0.27128243,-1.753923,2.413619,-1.743805,-0.8094244,-1.7669281,-1.7687941,-1.7894816,8.14752,4.699933,1.7241622,-1.237588,1.0252943,-0.08551908,2.0902112,0.32511485,0.7144241,0.12722406,0.5601817,0.30663693,0.4300144,8.858405,3.8719962,1.5512737,1.0336437,1.0601121,0.16716179,1.0942296,0.70019513,0.50261253,1.0192937,0.21816567,0.34082922,0.34285018,18.255957,8.945022,3.2431097,-0.34245238,2.313966,0.3020195,2.8242013,1.1068683,0.9936211,1.08877,0.9118279,0.70022964,0.6979882,8.258436,5.0735145,1.4954876,-0.66116107,0.497057,-0.14626214,2.438955,0.12877733,0.9522693,0.9741423,0.6980826,0.28583205,0.51132375,-1.5198064,0.30700502,-1.4309229,-2.5372717,-0.48343626,-0.2015514,-0.3729064,-1.0521954,-0.43418154,-1.0944777,0.2948508,-0.057747345,-0.35912046,0.056165617,-0.04884808,-0.8894786,-0.43984777,0.22569482,1.3654739,-1.6049795,-0.28136587,-1.6001781,-0.26742095,-0.20651463,0.09820984,-1.3187393,-1.7887062,-1.7952741,-0.1349554,-1.7654018,-1.6077999,0.21673512,0.94823337,-0.98609495,0.8075805,-1.8453026,-1.5187328,-1.793363,0.3179667,hamming,hamming_whole_step_1_1.wav
-265.76428,69.707016,-41.595173,54.576717,-39.914696,5.1588726,-28.77237,-17.501478,-25.740204,-11.13976,-2.2510352,0.19004287,-5.025932,78.621216,46.968395,20.823008,4.5075645,11.523842,6.803951,8.624801,5.147266,7.168095,8.365071,6.590954,6.704521,2.4979894,-157.45403,141.051,16.623972,61.322624,-4.045632,12.402132,-7.0165215,-9.988331,-10.271563,4.8309817,8.449392,10.109046,0.04097879,-267.29507,58.30451,-41.351326,54.34524,-42.180565,7.705314,-27.762415,-16.345556,-26.575264,-14.376223,-0.61878353,0.38046646,-4.6785083,-367.39838,16.467995,-66.99615,45.618027,-49.449814,-11.113585,-43.173283,-27.154533,-35.804104,-21.038628,-14.057949,-8.900942,-10.170074,0.025349641,0.33321196,1.3593025,-0.49400997,2.1807778,-1.4048909,0.6522788,-0.13059506,0.5895895,0.71648735,-0.39832723,0.051718384,-0.14097875,-1.5482761,-1.5359615,2.08432,-0.3918314,4.3448234,0.8434987,1.0363808,-1.0699313,-0.15896463,-0.9369559,-0.97581077,-1.5094097,0.020915508,-20.787018,-12.803361,3.8735235,0.0043629133,0.76038074,0.34661153,1.7984045,1.1689382,0.58280814,-1.7511679,-1.1008878,-0.74057937,0.474616,6.463829,3.0962644,3.2998729,1.0128453,0.8184164,1.5066121,0.42933974,0.4300163,1.7262444,0.9068104,0.52623487,1.0190442,0.27282795,-12.742379,-8.9841585,7.5966735,1.0496545,1.3488139,1.9978002,2.233202,2.0918941,2.5106187,-0.66887945,-0.56886804,0.49221027,0.80581254,-24.955097,-15.204616,4.397593,0.28443056,0.9195589,0.42103606,1.6200789,1.2724903,0.8001943,-2.1705835,-1.1430852,-1.3874989,0.3442005,-28.768791,-15.915215,0.13752194,-1.1492662,-1.5280035,-1.4129877,0.70977813,0.7025778,-1.3931718,-2.6812646,-2.1813197,-2.3700502,0.12749504,0.3684263,0.3550862,-0.008556629,-0.11549994,-1.8141838,-0.101406954,-0.90874773,0.4644895,-0.040704332,0.2157818,-0.684768,0.18441573,0.26803878,-1.7040225,-1.7835761,-1.7429137,-1.8699892,2.2307668,-1.7274494,0.61600757,-0.6192992,-1.7399368,-1.7804847,-0.5860665,-1.526246,-1.7389295,3.0236013,1.1142855,2.2834914,-0.2891021,0.3542171,-0.92694795,0.09360666,0.27709863,1.0518417,0.37533313,0.22470532,-0.34150246,-0.089581475,8.5196705,2.5089054,1.492504,0.49404058,1.9093289,0.48376387,0.65932894,0.86819607,0.612917,0.36332798,0.83730674,1.6022635,0.24159159,12.774572,3.599576,3.9916885,0.14877602,2.7613206,-0.3063932,0.9216568,1.2574061,1.721798,0.7143203,1.2798938,1.6029354,0.21429946,3.151766,2.7097034,1.54358,-0.28058994,-1.1518406,-0.5831481,-0.39492363,0.09174796,1.1326534,0.67456543,-0.3559002,-1.0770121,-0.27100012,-6.249483,-1.864027,-0.51289755,-1.3618293,-1.4773142,-1.5319138,-0.6755979,-0.65892667,0.37190312,-0.04589381,-0.5197935,-1.914529,-0.33446825,0.06372916,-0.23415603,-0.14776212,-1.2021586,0.45449737,-0.39600506,0.42701635,0.067267865,-0.0019573658,-0.20072386,0.45278487,0.28021967,0.43970805,-1.7863137,-1.8477426,-1.1447083,0.3559866,-1.7679536,-1.7127274,-1.7433404,-1.832233,-1.8823328,-1.9095594,-1.7689748,-1.7773163,-1.7590983,hamming,hamming_whole_step_2_1.wav
-171.92993,177.89772,-47.25373,60.37567,-27.280334,6.3716865,-17.744514,-7.4960775,-5.7304964,0.50984174,3.7090936,5.730233,4.561269,48.545048,5.2689304,8.460148,8.009187,11.23809,15.34449,11.564857,6.9912786,9.627911,4.116107,6.082371,3.913562,5.7468333,-116.17937,188.68808,-27.356857,70.34199,1.5567367,21.092104,7.9115696,0.56099164,14.073589,7.4584513,12.135032,14.144619,16.393557,-172.03992,178.49084,-50.625137,62.9218,-31.172325,11.561903,-23.557255,-5.6739097,-7.2595687,-0.4916277,5.252679,5.3763213,3.406704,-293.09348,169.1818,-55.954365,39.371037,-37.20356,-31.120308,-29.421648,-22.19033,-18.130192,-5.4592524,-6.6739655,-3.2652838,-3.556901,-0.99739516,0.17904691,1.3820006,-1.4587451,1.2560587,-1.2074344,0.8222816,-0.518387,0.5931178,0.40029275,-0.37488115,-0.18405843,0.5810315,0.5092218,-0.5905466,0.704566,1.3756919,0.75660515,0.43791556,-0.51810646,-0.8228874,-0.6348672,-1.159121,-1.2048414,0.9804189,-0.6656945,1.9964001,-0.93394953,0.2889843,1.5329679,2.451691,3.6265128,2.9228952,1.9069895,-0.4625757,-0.7513699,-0.4357222,-0.14421153,-0.7378883,13.079515,0.5698731,1.8063855,0.9188692,1.7709945,1.7233312,1.3400323,0.33590743,2.6872692,0.89883065,1.4321911,0.3268412,1.4767538,17.446735,-0.22024816,2.164355,2.6451397,4.4709888,5.6572795,4.457844,2.2857678,2.4658883,0.2833612,1.2673035,0.09448734,0.911063,-2.615338,-1.3616874,0.96968275,1.0177829,2.2878292,3.0371482,2.7155275,1.8940568,-0.13617265,-0.95946664,-1.1310757,-0.030543653,-0.6421083,-11.223176,-1.5530593,-1.880134,0.6106786,0.49680245,1.829071,1.46009,1.5236917,-3.4931848,-1.6624079,-1.9030564,-0.7786172,-2.378617,0.19264443,0.4144834,-0.22160383,0.26593742,0.0486909,0.17197987,0.07146589,-0.018433915,-0.048350945,0.12664512,0.22535889,-1.1904069,0.0017142475,-1.8116865,-1.7496474,-1.7469615,-1.7688998,-1.7725531,-1.7886648,-1.7831744,-1.7253144,-1.816935,-1.8471739,-1.8243779,-0.41599464,-1.8022803,-7.022294,-0.3939653,1.1920568,-0.60602677,1.1229215,-1.0369219,0.68411183,-0.31145954,1.4514567,0.2861405,0.46488172,-0.22919542,0.62829727,4.335092,0.48330292,0.68895876,0.6258949,0.13854823,0.32667717,0.21890648,0.42505336,0.64378303,0.38287354,1.2168062,0.87689584,0.28413674,-1.9395777,0.22556666,2.000483,0.30428067,1.2574825,-0.5082619,1.0998994,0.22624817,2.1489627,1.012064,1.859623,0.81157523,1.1641417,-7.9962525,-0.02823771,0.8101733,-0.11395957,1.1032056,-0.87282825,0.7908988,-0.0009705231,1.7014557,0.3591509,1.3843999,0.45601827,0.70295954,-11.530608,-0.9922036,-0.078793444,-1.3482958,0.75503737,-1.4171426,0.44534045,-0.83690375,0.6922158,-0.12112352,-1.0349739,-1.2921982,0.31099716,0.15588443,-0.3473451,-0.02147884,-0.17630154,-1.1562866,0.040207345,0.30932078,-0.33945686,-0.19419286,0.5010636,-0.33517396,-0.28425598,0.2537455,-1.7974843,-1.7170261,-1.2432344,-1.7117482,1.2193632,-1.3286442,-1.0811257,-1.7135916,-1.8230137,-0.7810836,-1.74023,-1.7876741,-1.1023704,mute,mute_1_1.wav
-178.90503,173.24323,-43.702946,53.700607,-21.58375,5.908013,-10.315294,-6.4816685,-4.7371135,-0.72148025,8.555899,6.9895496,2.5903745,62.93778,9.748992,15.683495,9.576185,15.304992,9.746762,11.785988,5.727701,10.627394,4.1197753,4.139969,2.6824164,4.4601617,-113.995285,188.08615,-1.8295667,62.542244,20.942554,15.22607,15.335963,2.1814249,10.687939,5.949123,14.503266,11.64359,8.676184,-165.65697,173.46725,-49.195107,58.730045,-28.617413,8.725227,-9.593252,-7.1437297,-2.9730182,-3.164072,8.514702,6.5842147,4.3757925,-353.90094,150.2536,-58.05006,29.388355,-34.63629,-22.129509,-29.779438,-18.74686,-23.45641,-5.9894705,2.1749473,3.254878,-8.822097,-1.414941,-0.75496036,1.8218431,-1.3053441,1.6246066,-1.8123679,0.30951932,-0.4971242,-0.28073213,0.31159714,-0.022230016,0.31631246,-1.1139464,1.8940277,0.33897924,1.8890619,0.74246144,1.8481426,2.6035771,-0.19218826,-0.12254524,-0.98949885,-1.4769104,-1.1539755,-1.2015744,0.7965367,0.2827967,-0.07232368,0.44873634,0.35106805,2.2224405,1.614424,2.5072722,0.96408325,0.40546945,-0.7521889,-0.5690095,-0.3958496,0.7051129,15.519013,1.5159209,2.9244502,1.866226,3.127246,1.5930601,2.316707,0.26371711,2.8547657,0.6718609,0.93117476,0.26904085,0.49413845,19.111433,1.8245717,3.9301443,2.5906549,5.8597865,3.54565,5.0620127,1.2293292,3.4722636,0.06630828,0.5048173,-0.14838377,1.3203241,-7.364222,-1.0086571,-0.14902477,-0.26066145,1.7531841,0.873066,2.606966,1.1088808,0.7591191,-0.93994194,-0.71610105,-0.3958612,0.32590708,-14.572927,-1.615741,-2.6845686,-1.6011792,-1.1616781,0.020155223,-0.11649847,0.65099484,-2.828758,-1.4254373,-1.532342,-1.0032891,0.13618618,0.28500947,0.41372544,0.17148127,0.21380775,0.107648656,0.2707312,-0.03681907,-0.21678644,-0.06690986,0.28209108,0.11790951,-1.0844901,0.38576,-1.789446,-1.7604251,-1.7192502,-1.7371167,-1.7620652,-1.7660854,-1.7882444,-1.8165717,-1.827968,-1.7477901,-1.8298421,0.18573093,-1.7497238,-8.332662,-1.2133361,2.1119356,-1.2678237,1.804927,-1.0615168,1.2717897,0.14455569,1.359689,0.42134395,0.31987923,-0.07870181,-0.4626667,7.8145237,0.67524314,0.9664853,1.0012991,0.74360895,0.61646235,1.0998116,1.3715469,1.5014244,0.19476411,0.48678175,0.35224807,0.2760003,0.5076763,0.260408,2.8087513,0.50266033,2.6886203,-0.11449292,2.4757588,1.6022911,3.2827392,0.6481466,1.2849841,0.30799183,0.13881312,-8.650712,-1.2841882,2.4575832,-0.5836973,1.470282,-0.60458636,1.3892548,0.22327383,2.2477305,0.36677763,0.4016244,-0.011454089,-0.5296368,-17.111334,-1.8128301,0.25568914,-2.4181836,0.62931156,-1.7981956,0.06513008,-1.3492659,-0.37338942,0.21198465,-0.1983409,-0.4532783,-0.6832814,0.011607843,1.0634787,-1.2059585,0.013324742,0.13531783,-0.17233968,-0.01393601,-0.023023019,-0.15252225,0.12108726,0.47688708,-0.0050370437,1.1887763,-1.7543083,-0.102161884,-0.3841834,-1.4498615,-1.5891001,-1.6293298,-1.8528775,-1.8901205,-1.8444887,-1.7728902,-0.84310675,-1.8737533,-0.114789724,mute,mute_2_1.wav
-174.18451,166.76561,-50.459927,56.00855,-24.160439,11.577605,-14.005915,-1.3546561,-7.976836,2.6209466,1.0966947,4.1191797,-6.4134617,97.54483,21.322971,26.3711,17.601768,12.78191,12.608281,8.319207,4.2426014,8.1801605,2.6713018,4.5064464,2.6035178,3.6652668,-96.94781,208.16153,22.13619,71.621735,5.717631,24.83691,3.751297,5.3101945,13.332834,6.2997003,8.2305565,10.699989,1.733523,-132.33939,159.01678,-65.49809,62.740288,-27.937054,15.419193,-16.426329,0.039933085,-9.571761,3.215289,1.4665802,3.5907493,-6.088512,-454.98315,122.76933,-71.91115,9.375155,-35.706295,-12.083401,-21.39946,-12.02615,-16.850012,-4.095046,-5.573061,0.47554445,-12.033294,-2.0203736,0.1640174,1.6385348,-1.6610963,1.2286392,-0.8603161,1.1994147,-1.1823772,1.2304683,-1.0156556,-0.08240209,0.9656246,0.32536778,2.7671862,-0.055054426,1.7616601,1.4824486,0.10465646,-0.74672246,-0.15773082,1.094626,0.9189398,0.62419415,-1.1864793,0.71816206,-0.08518052,15.674918,-4.6916194,-3.6161134,0.44919533,-1.6367193,1.4390596,-0.3954918,-0.396646,-1.4235461,-0.1744268,0.115343824,0.13626984,-0.86678326,15.021385,1.2462682,5.111386,3.5493975,1.9275949,3.0436373,1.4036862,0.47318453,1.230521,0.5680477,1.2831429,0.32001868,0.120957546,34.03472,-2.8619673,1.9616985,4.622721,0.4462017,4.77931,1.1821382,0.43084562,0.016473869,0.3641604,1.5804718,0.51501745,-0.7157447,5.1742005,-4.6447377,-2.405623,-0.45639598,-0.93603265,1.2421925,-0.15339178,-0.101050004,-1.5678045,0.19489665,-0.106184945,-0.040164106,-0.963368,0.8538799,-6.4915175,-9.540945,-3.3902087,-3.8833153,-2.0133739,-1.995362,-0.9671832,-2.8624027,-0.85855085,-1.2638456,-0.17923956,-1.032993,0.3205263,-0.000739599,-0.09501188,0.1333159,-0.11826482,-0.038049005,-0.024705056,-0.132247,0.14519376,-0.27264756,0.082096554,0.12494882,0.09008571,-1.7965636,-1.7179505,-1.7569413,-1.736209,-1.7623434,-1.7916833,-1.7360795,-1.3836285,-1.7954744,-1.8215841,-1.8139428,-1.9453541,-1.8630432,-8.793298,-0.008996725,3.4846978,-2.4118745,1.5049222,-1.822008,1.0492524,-0.25650808,0.67814195,-0.2970732,0.58341366,0.039753947,0.14715439,10.153924,1.3762898,1.2374053,1.5587673,0.8724954,0.30634657,0.73541427,0.2724192,0.6062645,0.23739946,0.3391801,0.24221317,0.3247304,1.5933827,2.5414932,4.887737,0.1277646,2.008816,-1.2393209,1.8066882,0.049033556,1.3166764,0.07901954,1.2365367,0.69650143,0.4678984,-4.541314,0.18067199,3.057058,-1.5635601,1.8798103,-1.6132089,0.85906947,-0.018791093,0.6222543,-0.31125218,0.70050997,0.05491877,0.130873,-20.749294,-1.4584706,1.3060396,-4.273143,-0.47097644,-2.1564837,-0.54584455,-0.5940603,0.027699733,-0.5639932,0.22850978,-0.16395421,-0.49301833,-0.18528865,0.49763837,-0.19955654,-0.09920288,-1.6587343,0.16930623,-0.70391715,-0.14873028,0.011185253,0.031814992,0.56009036,1.5263736,-0.77144533,-1.814654,-0.9038148,-1.1199031,-1.4409925,1.002605,-1.3153142,-0.32129002,-1.947642,-1.9026482,-1.6507813,-0.69765997,1.668056,-0.483433,normal,normal_1_1.wav
-149.0495,165.08339,-47.892517,58.085186,-21.581646,9.573054,-15.679747,-6.0630984,-11.011153,-2.6546214,1.7422142,6.7629657,0.97842467,15.944376,9.275344,21.34626,16.970497,11.832277,12.908409,8.069408,6.293477,5.608159,3.6583743,2.6048489,3.3017218,2.8707469,-132.42628,188.15825,11.531523,70.9818,12.429033,18.378424,-0.95057356,0.27949536,2.1001186,2.219224,7.4642296,13.909487,5.690752,-145.44466,162.81726,-57.84704,65.80345,-27.100864,14.388592,-17.218525,-5.088042,-11.244753,-3.037512,1.0755626,6.2904363,0.30124682,-195.80576,153.16588,-64.81092,11.7395,-29.443192,-24.849964,-24.604359,-19.95858,-17.945925,-9.158302,-1.0318391,2.0387213,-3.130501,-1.8312626,1.2113667,1.8713264,-1.8375314,1.9132258,-1.9202563,0.8493647,-1.0757406,0.9003192,-0.17352939,1.2193912,0.53893983,0.32340652,2.942778,0.71356964,2.2296753,1.9958596,2.5766096,1.9954977,-0.68522215,0.071961164,0.09562683,-1.3711051,0.22814655,-0.42674518,-1.1320672,0.568052,-1.7973437,-3.1870434,1.5007317,-1.5712346,1.6186519,-0.20356074,0.7554918,-0.3580362,-0.60057056,-0.45451397,0.32454884,0.11415135,2.7405407,0.5998459,3.5920618,3.244539,1.9139111,1.9352483,2.0813625,1.0608385,0.51121646,0.6601776,0.28834313,0.39793086,0.16408822,3.9604785,-1.1497396,0.47688225,5.4207478,0.38144144,3.9849577,2.1128933,1.9942207,0.14355731,0.103099234,-0.03836479,1.0570363,0.40234718,-1.4858711,-2.144098,-1.3875443,-0.67848104,-0.6612362,-0.036676344,0.13181753,0.10930902,-0.07670663,-0.6104244,-0.3100604,0.51733005,0.22614601,-2.6734776,-2.8928235,-7.487168,-1.6001179,-3.8735383,-0.12217627,-2.5334437,-0.31343076,-0.954389,-1.3329445,-0.80369484,-0.12151213,-0.07144782,0.3528156,-0.21699375,-0.22726187,0.28061366,-0.23911472,0.32638767,-0.016534992,0.1855536,-0.18958387,-0.02858214,-0.23282044,0.22257358,0.04479945,-1.734587,-1.3293096,-1.7798215,-1.8123184,-1.7661649,-1.8054245,-1.7950655,-1.8550957,-1.8684267,-1.8640335,-1.6633677,-1.1358722,-1.4811367,-1.6542773,-0.19141872,2.2907457,-2.065994,1.4745882,-1.1920012,1.2088596,-0.73371273,0.3275534,-0.30318856,0.23898059,-0.16728021,0.1836988,2.7965465,0.65559024,1.7738129,1.8110447,0.8285673,1.563816,0.38460326,0.33773264,0.9105245,0.24323197,0.11431886,0.32915062,0.30529496,1.2014294,1.4513683,4.4152246,-0.0132911485,2.4124248,0.5068448,1.9242094,0.20678182,1.3506485,-0.16458152,0.31869534,0.14685963,0.76556534,-0.42529184,-0.49087822,0.8507365,-0.5583018,1.1852459,0.17563047,1.0042708,-0.842525,-0.33573014,-0.2285473,0.25801924,0.10834642,0.07499685,-4.961255,-0.5541119,0.04845938,-4.239047,-0.038619697,-3.0396295,0.54716736,-0.9618563,-0.89271694,-1.0229657,-0.07562025,-0.574847,-0.31404978,-0.19634132,1.6926327,0.23921373,-0.25855994,-0.21552709,-0.22934492,0.14859465,1.7397016,0.1174986,-2.153044,-1.8395711,-0.37091902,0.2079471,-1.8073952,1.2006855,-1.7872387,-1.8179406,-1.0794213,-1.8645568,-1.091222,1.9460306,-1.87207,3.2973309,2.1247764,-1.7795596,-1.1067883,normal,normal_2_1.wav
-229.42401,98.25939,-49.30093,55.048687,-28.042206,12.151862,-14.595781,-14.143987,-19.198711,-10.642881,-3.5058496,-0.85497254,-1.8082916,48.173397,30.406162,21.856998,10.711394,10.411369,6.977875,7.780311,5.377944,10.918735,6.7803946,8.247655,6.992575,6.2781076,-154.37538,146.1589,-5.14015,67.24659,-7.2838125,19.794872,1.1820579,-7.420106,6.454603,-1.0184398,12.167788,11.758116,8.426545,-232.72354,99.503716,-58.247574,58.168217,-32.843845,14.010511,-18.313566,-15.309223,-22.580122,-11.926516,-6.076252,-3.1537101,-0.1401758,-304.45816,35.97042,-72.07208,29.278238,-40.5492,-4.9833584,-22.838772,-29.142342,-28.353195,-19.095732,-16.400131,-10.901531,-13.732596,0.05955738,-0.21776992,1.171338,-1.2185099,1.0297625,-1.3271034,1.126541,-1.3961309,1.4951421,0.2605637,0.41802883,0.42736337,-0.22365566,-1.4622394,-0.69877934,-0.28540635,0.38429737,-0.3072641,0.74664116,-0.29710817,1.9823179,0.8804188,-1.5832715,-0.8621249,-1.0395738,-0.742187,-7.3420615,-4.7285604,-1.0104431,0.37340972,-0.6956123,0.9148623,-0.36976,-0.63437235,-1.914195,-1.5019847,-1.4840602,-0.68625987,-1.3449862,2.0470724,2.2480817,4.091812,1.8290013,1.3335918,1.5051647,1.1151611,0.5878457,1.4422568,0.17125688,0.6062817,1.9000046,0.46488932,-5.6620545,-2.0493073,3.2112129,2.368018,0.7338158,2.6829183,0.8664814,-0.016263517,-0.5424934,-1.0143422,-0.5239996,1.4571397,-0.9079439,-6.6390743,-2.901998,1.166957,0.4560773,-0.55123955,0.3597914,-0.39764374,-0.45827428,-1.2283661,-1.5278974,-1.2036504,-0.897274,-1.0668894,-13.170345,-8.543134,-5.8120437,-1.7563665,-2.2603266,-0.65514743,-1.6475403,-1.341739,-3.6617334,-1.6487241,-2.2089212,-2.7371113,-1.918501,-1.5741227,-0.2504051,-0.17733634,-0.09957402,-0.13335548,0.1664622,-0.04790737,-0.21714029,-0.2799073,1.551208,-0.15368192,0.056248847,-0.34982026,2.2583084,-1.660844,-1.8175584,-1.7442394,-1.7549636,-1.7973017,-1.7519797,-1.7214575,-1.7905566,2.2832937,-1.5761391,-1.8293653,-1.7706943,3.259951,0.89536107,2.8138616,-1.5168718,1.1564634,-0.74398196,0.95417666,-0.54782,1.0070878,0.21932921,0.614369,-0.94556403,-0.15713078,7.587258,4.350824,1.7858325,0.96454734,0.8805361,0.690537,0.6130384,0.50416416,0.5223861,0.81549037,0.7434495,0.8629704,0.49964708,12.3723345,6.003643,4.6546497,0.27319217,1.6721827,0.0796233,1.2986989,0.7549905,1.4872177,1.1383427,1.4358137,0.058131333,0.44281465,-1.3563347,-1.4445179,2.2209532,-1.1469445,1.5240589,-0.94841945,1.2292079,-0.3774333,0.89079887,-0.46903512,0.17686702,-1.4287776,-0.53746873,-8.242804,-6.9172344,-0.61460894,-2.6346104,-1.0182365,-1.4602375,-0.5370911,-1.0201864,-0.34799278,-0.7716613,-0.7932138,-2.0403023,-0.76558244,0.15458053,-0.010116866,-0.6138649,0.088568695,-1.6860644,0.21704368,-1.6718925,1.0877519,-1.2058101,0.14443207,-0.1946265,0.16458488,0.23394184,-1.542136,-1.2873666,-0.63666606,-1.194748,1.1695127,-1.7948492,1.0870352,0.8193474,0.96823454,-1.9120159,-1.2472228,-1.8317252,-1.7568729,pulling,pulling_whole_step_1_1.wav
-239.12857,105.10275,-47.263706,55.117516,-25.31652,10.826395,-9.229997,-7.2455363,-11.876444,-6.864854,-4.971997,-16.67329,-17.042305,45.84573,29.410992,21.361317,9.123006,11.451232,4.749701,11.605526,4.0473547,6.4653587,8.434774,4.2248597,5.862716,6.9324965,-173.92421,151.13412,9.425156,62.64252,7.641312,16.544617,21.298466,-0.44873154,2.612938,-1.1385152,2.7309084,-9.988525,-7.5596013,-228.07286,111.561386,-49.361565,57.80628,-29.601475,12.1691065,-12.810405,-6.0893083,-12.317726,-3.2006419,-5.518359,-15.2919445,-15.32074,-308.03452,61.049107,-70.86524,30.135912,-37.447876,-1.4243523,-19.630589,-15.783581,-20.935017,-28.352022,-14.0011635,-30.62395,-27.231764,-0.2618589,-0.004213044,1.3058977,-1.7956511,1.8319474,-1.3846322,1.7387944,-0.4951298,0.54639816,-1.79763,-0.27205104,-1.1641618,-0.17809989,-1.4842952,-1.3182492,1.2475066,2.01024,2.6471806,1.1376619,1.6823721,-0.44680977,-0.33492184,1.5775514,-0.16450381,0.25355625,-1.4849857,-10.928436,-6.8377967,1.9890609,1.460608,0.091951884,0.29079407,-2.0162926,-0.9850894,0.051593002,0.99409825,-0.7610192,0.8484453,0.9381513,3.2820466,2.7429252,4.575488,1.533947,1.253556,0.7986918,1.3256944,0.26895538,0.92146754,1.6768218,0.52973723,1.2016174,1.0573407,-8.763984,-4.0474477,7.097664,3.2987263,1.6089172,1.0609012,-0.7695767,-0.72122324,1.1132704,2.9952383,-0.08570562,2.2188733,1.9195294,-9.725307,-7.3390827,2.8454893,0.67031235,-0.21941389,0.6201189,-1.0947342,-0.9566585,-0.46122327,-0.12958938,-0.3473403,0.5099019,1.7663534,-18.124077,-12.411224,-3.1973608,-0.05075315,-1.1880236,-0.6981149,-3.6422548,-1.3081534,-1.6549039,-0.6029288,-1.4114915,-0.46767974,-0.34579542,-1.5185882,-0.7373475,-0.027917478,0.24529493,0.25155157,-0.35660878,-0.33321515,-0.2307274,-0.09157842,0.24899478,-0.31718004,0.06614046,-0.30186364,0.6411679,-0.36056948,-1.7633587,-1.8074081,-1.7445697,-1.7470694,-1.7916951,-1.7718174,-1.2336203,-1.8405573,-1.734223,-1.7884214,-1.8141185,0.99286336,-0.29622605,2.9459686,-0.989023,1.2688943,-0.57535374,1.0248481,-0.086952224,-0.19062306,-0.9748145,-0.1618994,-0.75948757,0.74392676,8.217638,5.951848,1.4637053,0.77255714,1.2732929,0.48568964,0.91880625,0.15204664,1.3124025,0.7438354,0.34901828,0.23074931,1.4449186,10.708732,6.6254873,4.454558,-0.18103868,2.6536949,0.106787376,2.0652359,0.10068345,1.4308435,-0.22539486,0.23480974,-0.35687312,2.3785293,-1.4558165,-1.6994295,2.2251198,-0.6127942,1.0205742,-0.31028613,0.5951287,-0.187136,-0.87947834,-0.5000781,-0.3093292,-0.70614696,-0.02141528,-7.166488,-6.328768,-0.27876055,-1.8930069,-1.1512319,-1.1679208,-0.56459576,-0.31445885,-1.3983809,-1.8350328,-0.9137288,-1.0149009,-0.67884636,0.19332953,0.14692017,-0.5342597,-0.16047034,-0.35999572,-0.239969,-0.18375173,0.30078095,0.3551068,-0.171368,-0.28842556,0.271675,0.14398474,-1.8107876,-1.8298998,-0.6024077,-1.806163,-1.0423361,-1.5975614,-1.1785799,-1.6097223,-1.7678865,-1.8757617,-0.64981246,-1.1703469,-1.9144055,pulling,pulling_whole_step_2_1.wav
-223.3738,98.80097,-45.96021,53.955746,-33.537594,8.112716,-13.122084,-12.120887,-21.86597,-7.9476314,-4.1242456,-0.5660767,-0.6546751,47.881886,27.851519,19.761587,14.305141,7.552094,13.828634,8.517685,11.670253,3.322822,4.574256,6.2975698,6.70059,3.24016,-157.88348,140.56036,-10.032869,64.579834,-14.995346,20.592667,10.063096,-2.6791196,-14.443104,-0.8666395,11.828018,9.005137,6.210992,-199.08217,102.08818,-46.366364,59.47193,-32.490555,14.933748,-12.892605,-7.427109,-22.2557,-6.5959373,-6.087508,-0.14589238,-0.9442743,-289.8346,55.365883,-79.88176,11.395511,-43.168617,-19.852478,-24.964954,-41.381237,-27.336674,-14.586436,-9.11944,-15.591593,-5.217707,-0.08140749,0.0071877334,0.17845851,-2.0141926,0.971004,-1.2069777,1.2078099,-1.6464767,0.39795303,-0.23180643,1.7142222,-0.57584006,0.6263299,-1.7008319,-1.2776678,-0.6746912,3.240561,0.40676522,-0.33042288,1.7900047,1.2519388,0.09731102,-1.3939738,1.4562316,-0.1930058,-0.40490437,-10.453749,-7.1136255,1.5269146,0.2904611,-1.5779731,0.99788404,1.4808456,1.6691176,0.2873252,0.5016283,-0.93015313,-1.3251138,-0.7168912,3.8648546,0.849299,2.5233963,2.066924,1.1555825,2.6074095,0.27063668,2.144722,0.23010832,0.6213759,0.67802346,1.4527514,0.55270445,-5.5913525,-6.443895,4.692928,2.3596036,-0.26511294,3.8268223,1.7137423,4.2117496,0.5048714,1.3832545,-0.13478221,0.32503486,-0.05401015,-13.183963,-7.243324,2.9042156,1.049357,-1.4987595,0.9953486,1.4225241,0.56341815,0.46346727,0.8207219,-0.39686066,-1.5028996,-0.94034183,-14.612016,-9.690164,-1.5862657,-2.2450306,-2.8774226,-2.0414507,0.6659934,-0.47279662,-0.03914477,-0.24868493,-1.766331,-2.9070776,-1.3524032,0.4394903,-1.9699891,-0.3340403,-0.30823472,0.014009508,-0.10553737,-1.9066254,0.2152617,-0.18422909,-0.17443626,-0.34265423,0.059100542,0.23662595,-1.7546991,3.6780648,-1.7252464,-1.7353877,-1.7421492,-1.7500229,3.483808,-1.8237435,-1.9026638,-1.5374676,-1.752988,-1.8042572,-1.784827,3.8108408,1.1215692,2.102376,-1.6566252,0.7494134,-1.8729609,0.2283797,-1.0453798,0.037976038,-0.28558797,0.48773405,-0.7369436,-0.18804231,7.4003606,3.667631,3.1194615,1.6212044,0.46295637,0.8038231,0.8290489,1.2867856,0.3951997,0.9120458,0.85942435,0.43224913,0.5220282,13.012856,5.701037,5.789016,0.3800572,1.3187172,-0.022783266,1.154482,0.4094757,0.4006544,0.818046,1.4931567,-0.25770205,0.40802324,-0.7747413,-1.6461145,-0.035133857,-0.7455993,0.46839103,-2.2159867,0.025452312,-0.92692333,0.061697297,-0.7088175,-0.17207405,-0.8329366,-0.33832029,-2.8412058,-2.824717,-2.3197577,-3.6581209,0.113255486,-2.3192072,-1.2044024,-2.428429,-0.81532043,-1.1887863,-0.31931964,-1.1789443,-0.7157231,0.38587546,0.3988206,0.13451563,-0.32249457,0.2891191,1.7401233,-0.21999052,0.045054216,-0.98894745,0.26908752,0.21308692,0.07449935,0.12077063,-1.7684443,-1.7478527,-1.6530448,-1.6857767,-1.6361871,1.2366061,-1.245217,-1.8241363,-0.18590498,-1.7787255,-1.8897104,-1.8973488,-1.8675362,slide,slide_whole_step_down_1_1.wav
-229.47527,95.05767,-45.428757,55.995564,-28.915018,7.0305643,-18.53011,-13.9567375,-12.5796,-4.9919076,-3.9396756,2.0394468,2.426604,46.140244,26.741837,25.891933,11.497258,11.474347,8.213653,9.433493,9.027573,11.787605,3.1511374,4.59972,6.310691,3.2413826,-160.43808,127.76874,7.8906794,67.134,-2.939615,15.735813,-2.1243315,-0.6385259,16.669712,2.9080389,6.225212,16.171333,10.94519,-221.40439,99.57857,-52.49316,60.151333,-28.272333,8.880924,-23.528395,-15.343834,-17.774687,-5.2621737,-3.3683732,2.7187603,1.2147204,-306.12704,45.200447,-75.88606,25.093794,-47.214058,-10.725937,-30.383215,-29.599268,-21.64257,-9.664203,-12.461739,-9.589759,-1.6058187,-0.2981249,-0.67166644,0.98664254,-1.6089684,0.39462802,-1.0248326,0.5868856,-0.14450426,1.510319,0.74532425,0.16621207,-0.003995023,1.2559963,-1.1201482,-0.86105156,-0.37641573,1.5738301,0.056257248,-0.14966273,-1.0340588,-1.169303,0.7710545,0.84526014,0.14935017,0.56891465,1.1342955,-7.965192,-5.6478195,0.33097932,-0.49610585,-1.3084718,0.47767845,-1.4979641,-2.1799035,-1.1465973,0.6001916,0.070581116,1.3188233,0.08974135,2.6749802,3.0680647,5.1462173,1.7131674,1.0256988,1.0487822,1.7988186,0.13755007,2.129452,0.115618855,0.44529188,0.5524086,0.20215854,-5.346065,-2.1601222,5.678169,1.4394994,-0.06389044,1.7327907,0.6627542,-2.015862,1.1195405,0.7386317,0.5572734,1.9591517,0.32094336,-8.292368,-6.855694,2.7587636,-0.5469369,-1.8836462,-0.06307255,-1.9461712,-2.2859564,-0.23537178,0.5682773,-0.07846164,0.95395213,-0.041156784,-14.576941,-10.587496,-5.7659454,-2.4474683,-2.9952705,-0.5432278,-3.3479345,-2.3554792,-3.6418903,0.4855523,-0.8852665,0.42709562,-0.1056255,-0.9952337,0.022360386,-0.18999638,-0.012547212,0.18599741,0.24431124,0.22509524,0.21476564,-0.14567241,0.22798342,-0.37081492,0.039169014,0.17006034,0.4780066,-1.6424391,-1.7834631,-1.7251403,-1.4838816,-1.8153002,-1.7542928,-1.7680867,-1.7754879,-1.7876531,-0.7417731,-1.5583044,-1.9148003,2.0131836,-0.5546203,3.8160453,-1.4219573,0.9150305,-0.7951399,1.1144632,-0.030082244,1.5180032,0.12254151,0.021640943,-0.14357196,0.25799397,5.825003,3.263581,2.1843894,0.97659147,1.3302689,1.0920163,0.77463627,0.29556727,1.0374317,0.2983212,0.4714234,0.49300757,0.4656943,9.225827,3.3459704,6.252245,0.80399597,2.5535889,1.0614619,2.078516,0.29256457,2.7219367,0.4233753,0.42394286,0.47484064,0.8180565,-1.4615644,-2.0963404,2.8760371,-1.6691976,0.17043161,-0.09981517,0.6841999,-0.001511066,0.87042177,0.07968975,0.043215606,-0.5063613,0.030459937,-5.489423,-5.8431377,-0.10526106,-2.1457353,-0.8860441,-2.0614405,0.27429804,-0.37020856,-0.102698915,-0.46530074,-1.0337498,-0.7335583,-0.46219775,0.33647606,0.106774725,-0.27060822,1.4693846,0.30467662,-0.008442692,0.38458544,-0.07658694,0.025747722,-0.76096827,-1.3111218,0.41870216,0.14866313,-1.6825625,-1.4539918,-1.0599339,0.6783304,-1.6617253,-1.4671047,-1.7538325,-1.7716769,-1.5297142,-0.35424185,0.5606177,-1.7366258,-1.5076011,slide,slide_whole_step_down_2_1.wav
-163.36801,166.09335,-41.006035,54.42635,-19.714222,11.553394,-12.718459,-5.40672,-11.408361,-1.4161935,1.9872648,4.576936,-0.90585274,63.06042,22.918667,40.398754,15.8536625,23.236643,6.6511445,11.840952,3.1288896,10.202096,3.937766,4.4499326,3.760098,7.0009847,-118.352684,198.26404,70.12078,67.97099,40.055756,20.10976,15.141989,0.9627985,6.8206463,5.401441,11.823261,10.364691,12.793045,-136.0571,169.11607,-55.082874,59.82113,-30.332752,14.298649,-17.056955,-4.9916334,-14.986549,-1.1483426,0.75659585,4.605514,0.035087496,-318.53195,131.45375,-71.01495,9.215364,-36.98439,-2.8950825,-25.129608,-10.799109,-26.835117,-10.431852,-4.476059,-0.9690738,-11.8351,-1.6453805,-0.030160546,1.806659,-1.9406736,1.7063091,-0.9590796,1.2079651,0.113976955,0.1097315,-0.4507856,0.89032185,0.17458901,0.27501675,1.1319308,-1.5134668,2.0218997,2.591004,1.4063683,-0.24574685,0.20213938,-0.5974271,-1.142109,0.06422186,-0.07946229,-1.2623652,-0.9349899,10.172355,-6.3867292,-6.113231,1.8224932,-3.1943336,0.67474735,-1.5381635,-0.29700187,-2.287419,-0.38404644,-0.8447106,-0.46436504,-1.562284,11.623707,1.2623546,6.7980795,2.9114769,3.922451,1.519948,2.5439496,0.25194365,1.3726535,0.79410225,0.44277534,0.55171055,0.50682676,23.920237,-4.8360195,0.900523,5.358783,0.89224124,2.2869434,1.2630062,-0.011497799,-0.59672296,0.5222317,-0.40711212,0.23651184,-0.9439938,4.4363136,-7.115892,-3.0621533,-0.0574948,-1.3697324,0.68618584,-0.8778217,-0.13265623,-3.057289,-0.43633983,-0.6068282,-0.050717317,-1.9345645,-1.0811661,-8.164575,-14.177988,-1.0184339,-7.804367,-1.0592558,-4.392348,-0.6125595,-3.8721368,-1.2505907,-1.3819809,-1.132391,-2.238695,0.21366136,0.28179044,-0.19768123,0.28925127,-0.1715469,-0.07509004,-0.038555652,-0.41162294,0.33632818,0.06090757,-0.28016302,-0.25692388,0.27698815,-1.8369532,-1.627497,-1.7887188,-1.7863849,-1.800264,-1.8233559,-1.8109999,-1.7398139,-1.7535874,-1.7900385,-1.7767122,-1.7333376,-1.7029141,-6.242221,-0.80874795,4.5252643,-1.9134324,2.7110257,-0.8663251,1.461416,0.059274122,0.82132095,-0.42186582,0.1949589,-0.1911761,0.5424423,5.3706136,2.4403014,2.5661023,1.6432433,1.8185619,0.4760079,0.39054713,0.29841122,1.1084005,0.2650924,0.3967608,0.40697795,0.9275832,-0.26070672,1.6032664,7.4758224,-0.12243128,4.845212,-0.40686575,2.4695125,0.6260499,2.1429212,-0.11576043,0.6228198,0.27004927,1.6675636,-5.5851336,0.35976854,3.3729017,-0.764328,1.5509993,-0.6506101,1.4167349,0.085621834,0.2752122,-0.39858496,0.12197338,-0.3633232,-0.19523336,-11.957965,-3.659416,0.21069522,-3.8687944,0.03663231,-1.4397235,0.578654,-0.45871735,-0.30298162,-0.7129831,-0.35657787,-0.97044456,-0.6085329,0.02204408,-0.18461141,-0.1200973,-0.23983401,0.07782047,-0.25947273,0.37574095,0.08777163,0.22067015,0.07216759,0.0084247235,-0.22162788,0.27729335,-1.8554897,-1.85598,-1.218081,-1.8411021,-1.5724859,-1.7975044,2.4835734,-0.98706794,-1.7959623,-1.7510682,-1.8427008,-1.0230398,-1.7649486,trill,trill_2_1.wav
-172.3421,152.97675,-45.130722,53.975986,-20.556948,10.294,-14.767681,-3.6362262,-10.725727,-3.821517,0.08658233,5.9703145,-0.3096111,58.151653,24.85657,38.86015,20.61334,20.654705,8.919036,9.895514,6.100753,8.829113,2.772701,5.4732604,5.0198045,7.337434,-125.34966,197.05627,50.469063,71.7061,31.751068,20.039324,3.7764935,3.6022367,9.680546,-0.33548853,17.1056,17.060307,18.01599,-151.92018,137.19801,-65.37219,61.940147,-29.572178,14.426677,-18.618633,-4.4544005,-12.224806,-2.903063,-1.0534577,4.6200466,-0.21527326,-307.30518,128.72441,-73.67813,2.7040875,-38.75357,-9.727208,-26.32171,-17.084723,-20.010347,-9.971397,-6.222245,-3.6120672,-10.443964,-1.6108103,0.6591909,1.4813257,-1.640675,1.6506094,-1.0717677,0.5646449,-0.69315165,0.96558934,-0.6993346,2.1521413,0.22805144,0.82993287,0.9864435,-1.2019954,0.85611176,1.2107778,1.2751617,0.047500372,-0.99843836,-0.30888247,-0.08973074,-0.51424503,4.3800206,0.09451532,0.67061424,7.8935404,-6.2186437,-6.267538,1.7928848,-2.9193938,-0.06770691,-1.478932,0.21384892,-0.8463977,-0.1320222,0.3379181,0.9587688,-1.3710855,9.747413,2.2310076,7.2091975,4.200584,3.1497393,2.1697872,1.7862267,0.8886037,1.7045553,0.19713135,1.162001,0.5508985,0.59676,19.53012,-3.577764,1.496077,6.7493796,0.22479066,2.2570148,0.72046494,1.3073776,1.2053374,0.079673536,1.7303218,1.5332336,-0.67740804,1.1145116,-7.722539,-4.0786233,-0.35466036,-1.0703744,-0.27825525,-2.5794134,-0.3991182,-1.3249058,-0.2268101,0.061970904,1.1822184,-1.4049166,-3.018889,-9.744689,-14.602517,-2.4609241,-6.697701,-2.4835153,-3.44979,-0.9438774,-2.5846531,-0.54556984,-0.86493564,0.2745331,-2.0353315,0.24548292,0.11459698,-0.107377745,0.19910817,-0.24542871,-0.021702789,0.340047,0.30776054,0.23600411,-0.34516615,0.21442603,-0.37429908,0.07291586,-1.829608,-1.5734075,-1.7875857,-1.8236084,-1.7984985,-1.8522313,-1.7665838,-1.68312,-1.7588736,-0.9068339,-1.752646,-1.7537674,-1.7072479,-4.9738007,0.6412848,4.6950545,-2.5612485,2.1338377,-1.1558061,1.0810782,-0.36876363,1.2142164,0.019161224,0.7705039,0.47420692,0.5657704,7.4916644,2.387421,1.6898654,2.2183192,1.6775725,0.40324008,1.0811894,1.3989017,0.98358214,0.54164046,0.36275303,0.44820645,0.48044342,3.1157048,3.5579193,6.494187,-0.36854076,4.020708,-0.36690006,2.3708246,1.149514,2.4527574,0.63897765,1.2272706,0.99931604,0.8612437,-4.0784607,2.3790998,3.9250998,-0.86087185,1.2327826,-0.96325696,0.9127397,-0.5079257,0.43534535,-0.3803944,0.48109466,0.23832773,0.7873648,-13.011776,-2.316315,1.5227909,-5.1567864,-0.77539474,-2.0879726,-0.07333448,-1.8552922,0.2778696,-0.70162946,0.41064498,-0.22121122,-0.42981553,-0.01539625,-0.35150167,-0.3931806,-0.21275021,-0.15543592,-0.37602127,0.17970619,0.027782025,0.44835013,0.095067106,0.44743088,0.0026790493,-1.3596091,-1.8895023,-1.7202898,-1.0196376,-1.8883858,-1.2990956,0.42755675,-1.7194146,-1.8945171,-1.7679434,-1.7723963,-1.765739,-1.3852925,-0.004087925,trill,trill_3_1.wav
